kota,trend
Batu,75
Banjar,75
Batam,73
Jakarta Utara,69
Medan,69
Jakarta Barat,69
Jakarta Pusat,68
Kupang,68
Bangka,66
Tangerang,66
Manado,65
Banda Aceh,65
Padang,65
Jambi,64
Bandung,64
Yogyakarta,64
Jember,63
Jakarta Selatan,63
Sragen,63
Berau,63
Denpasar,63
Gresik,62
Palembang,62
Gorontalo,61
Trenggalek,61
Malang,60
Bekasi,59
Bandar Lampung,59
Lhokseumawe,59
Rembang,59
Cirebon,58
Bogor,58
Jakarta Timur,58
Kudus,58
Landak,58
Makassar,58
Pekalongan,57
Kendal,57
Pringsewu,57
Cilegon,57
Magelang,57
Semarang,57
Bungo,57
Depok,56
Balikpapan,56
Palangka Raya,55
Badung,55
Blitar,55
Wonogiri,54
Sambas,54
Dumai,54
Temanggung,54
Tarakan,54
Tangerang Selatan,54
Surakarta,54
Pekanbaru,54
Bitung,54
Madiun,54
Buru,53
Salatiga,53
Kediri,53
Ngawi,53
Merauke,53
Kuningan,53
Cimahi,52
Padang Panjang,52
Bandung Barat,52
Jombang,52
Bontang,52
Bulungan,51
Bintan,51
Mataram,51
Ponorogo,51
Kebumen,51
Bantul,51
Langsa,50
Kulon Progo,50
Singkawang,50
Pasuruan,49
Kapuas,49
Gianyar,49
Tulungagung,49
Pematang Siantar,48
Majalengka,48
Tabanan,48
Tegal,48
Banjarmasin,48
Belitung,48
Bengkulu,48
Sumbawa,47
Sidoarjo,47
Bukittinggi,47
Puncak,47
Sabang,46
Cilacap,46
Tanjung Pinang,46
Tuban,46
Pariaman,46
Tual,46
Klaten,46
Purwakarta,45
Ambon,45
Grobogan,45
Bojonegoro,45
Mojokerto,45
Kerinci,45
Pesawaran,45
Karanganyar,44
Serang,44
Manggarai,44
Magetan,44
Sumedang,44
Pati,44
Pemalang,44
Sukabumi,44
Lubuklinggau,44
Wonosobo,43
Metro,43
Tasikmalaya,43
Muna,43
Palopo,43
Karo,42
Banjar Baru,42
Wakatobi,42
Asahan,42
Tanjung Balai,42
Lumajang,41
Sanggau,41
Bangkalan,41
Sumbawa Barat,41
Karawang,41
Payakumbuh,41
Tapin,41
Lamandau,41
Lingga,40
Buleleng,40
Cianjur,40
Maluku Tengah,40
Ende,40
Nias,39
Gunung Kidul,39
Demak,39
Bengkulu Utara,39
Gunungsitoli,39
Solok,39
Karimun,38
Samarinda,38
Padangsidimpuan,38
Sukoharjo,38
Lahat,38
Malinau,38
Kaur,38
Jepara,38
Pasaman,37
Bangka Selatan,37
Soppeng,37
Kubu Raya,37
Prabumulih,37
Tapanuli Selatan,36
Lombok Barat,36
Maros,36
Tebing Tinggi,36
Aceh Utara,36
Fakfak,36
Sorong,36
Padang Pariaman,36
Aceh Tengah,36
Sumenep,35
Bengkulu Tengah,35
Enrekang,35
Banyumas,35
Baru,34
Tabalong,34
Pangandaran,33
Blora,33
Buol,33
Sleman,33
Sintang,33
Probolinggo,33
Bangli,32
Pontianak,32
Gowa,32
Gorontalo Utara,32
Polewali Mandar,32
Hulu Sungai Selatan,31
Kotawaringin Barat,31
Nganjuk,31
Tulang Bawang Barat,31
Alor,31
Tanah Bumbu,31
Ketapang,31
Purbalingga,31
Brebes,31
Sukamara,31
Lampung Timur,31
Kutai Barat,30
Bangka Barat,30
Barito Selatan,30
Nagekeo,30
Ogan Komering Ilir,30
Tebo,30
Simeulue,30
Siak,30
Banjarnegara,29
Pesisir Selatan,29
Surabaya,29
Rejang Lebong,29
Merangin,29
Ogan Komering Ulu,29
Muaro Jambi,29
Mimika,29
Pelalawan,28
Sijunjung,28
Batu Bara,28
Subulussalam,28
Subang,28
Batang,28
Lamongan,28
Sekadau,28
Seruyan,28
Langkat,28
Musi Banyuasin,28
Kendari,28
Padang Lawas,27
Serdang Bedagai,27
Rokan Hulu,27
Pasaman Barat,27
Tanjung Jabung Timur,27
Tapanuli Tengah,27
Sikka,27
Aceh Barat,27
Indragiri Hulu,27
Barito Timur,27
Kuantan Singingi,27
Ciamis,27
Bima,27
Bireuen,26
Rote Ndao,26
Aceh Singkil,26
Karang Asem,26
Lebong,26
Balangan,26
Aceh Tamiang,26
Bengkalis,26
Melawi,26
Aceh Besar,26
Aceh Barat Daya,26
Parepare,26
Sarolangun,25
Pagar Alam,25
Halmahera Utara,25
Baubau,25
Banyu Asin,25
Nabire,25
Dompu,25
Nias Barat,25
Ogan Ilir,25
Wajo,25
Lombok Tengah,25
Kolaka,25
Gayo Lues,25
Kotamobagu,24
Sampang,24
Kepulauan Meranti,24
Minahasa,24
Lampung Barat,24
Aceh Timur,24
Lembata,24
Aceh Tenggara,24
Bolaang Mongondow,24
Tana Tidung,23
Bengkulu Selatan,23
Padang Lawas Utara,23
Kepulauan Aru,23
Pesisir Barat,23
Maluku Tenggara Barat,23
Pohuwato,23
Belu,23
Tanjung Jabung Barat,23
Puncak Jaya,23
Sawah Lunto,23
Halmahera Tengah,23
Minahasa Tenggara,23
Samosir,23
Buton Utara,23
Bone Bolango,22
Way Kanan,22
Labuhan Batu,22
Jeneponto,22
Boalemo,22
Banyuwangi,22
Simalungun,22
Barito Kuala,22
Lampung Selatan,22
Bantaeng,22
Keerom,21
Halmahera Barat,21
Batang Hari,21
Bener Meriah,21
Kapuas Hulu,21
Tanggamus,21
Jayapura,21
Tapanuli Utara,21
Hulu Sungai Utara,21
Luwu Timur,21
Luwu,21
Labuhan Batu Selatan,21
Sarmi,20
Muara Enim,20
Kepahiang,20
Kayong Utara,20
Tana Toraja,20
Aceh Selatan,20
Ternate,20
Konawe Selatan,20
Deli Serdang,20
Binjai,20
Buru Selatan,20
Musi Rawas,20
Indragiri Hilir,20
Lampung Tengah,20
Manggarai Barat,20
Manggarai Timur,20
Sungai Penuh,20
Lebak,19
Sidenreng Rappang,19
Tanah Datar,19
Seluma,19
Mukomuko,19
Purworejo,19
Bangka Tengah,19
Lombok Timur,19
Kepulauan Sula,19
Nias Utara,19
Mappi,18
Empat Lawang,18
Rokan Hilir,18
Nagan Raya,18
Jayawijaya,18
Sumba Barat,18
Labuhan Batu Utara,18
Murung Raya,18
Timor Tengah Selatan,18
Bolaang Mongondow Utara,18
Morowali,18
Kepulauan Anambas,18
Pinrang,18
Halmahera Selatan,17
Biak Numfor,17
Lima Puluh Kota,17
Flores Timur,17
Parigi Moutong,17
Intan Jaya,17
Kampar,17
Belitung Timur,17
Mamuju Utara,17
Boyolali,17
Konawe,17
Dairi,17
Kotawaringin Timur,17
Solok Selatan,16
Minahasa Utara,16
Sinjai,16
Seram Bagian Timur,16
Poso,16
Sumba Tengah,16
Pulang Pisau,16
Mandailing Natal,16
Ogan Komering Ulu Selatan,16
Ogan Komering Ulu Timur,16
Tulangbawang,16
Pandeglang,16
Sumba Barat Daya,15
Sumba Timur,15
Tanah Laut,15
Maluku Tenggara,15
Timor Tengah Utara,15
Toba Samosir,15
Waropen,15
Barru,15
Barito Utara,15
Bengkayang,15
Banggai,15
Pacitan,15
Seram Bagian Barat,15
Kolaka Utara,14
Lampung Utara,14
Lanny Jaya,14
Agam,14
Dharmasraya,14
Toli toli,14
Tomohon,14
Toraja Utara,14
Kutai Timur,14
Pegunungan Bintang,14
Aceh Jaya,13
Maluku Barat Daya,13
Asmat,13
Jembrana,13
Kepulauan Sangihe,13
Gunung Mas,13
Humbang Hasundutan,13
Kepulauan Mentawai,13
Tambrauw,12
Supiori,12
Teluk Bintuni,12
Nias Selatan,12
Sibolga,12
Tidore Kepulauan,12
Pangkajene Dan Kepulauan,12
Sorong Selatan,11
Garut,11
Halmahera Timur,11
Teluk Wondama,11
Pulau Morotai,11
Buton,11
Hulu Sungai Tengah,11
Ngada,10
Paser,10
Bolaang Mongondow Timur,10
Klungkung,9
Bolaang Mongondow Selatan,9
Kepulauan Selayar,9
Kepulauan Yapen,9
Bombana,9
Mamuju,9
Nunukan,9
Bone,9
Banggai Kepulauan,9
Kepulauan Seribu,8
Tolikara,8
Takalar,8
Tojo Una una,8
Mamberamo Tengah,7
Luwu Utara,7
Paniai,7
Bulukumba,7
Bondowoso,7
Maybrat,7
Lombok Utara,6
Pidie,6
Majene,6
Konawe Utara,6
Mamasa,6
Situbondo,6
Mesuji,6
Kutai Kartanegara,6
Indramayu,6
Manokwari,6
Deiyai,5
Mamberamo Raya,5
Siau Tagulandang Biaro,4
Minahasa Selatan,4
Dogiyai,4
Pakpak Bharat,4
Raja Ampat,4
Sabu Raijua,4
Pangkal Pinang,3
Palu,3
Pidie Jaya,3
Penajam Paser Utara,3
Yahukimo,3
Nduga,2
Natuna,2
Boven Digoel,2
Sigi,2
Kepulauan Talaud,2
Donggala,1
Katingan,1
